{
  "temperature": {
    "mean": 30.00412573649914,
    "std": 0.015023224933094645
  },
  "ph": {
    "mean": 5.055785060856058,
    "std": 0.11034234834053387
  },
  "rpm": {
    "mean": 1000.0182129174376,
    "std": 5.27631899525314
  }
}