{
  "temperature": {
    "mean": 30.001539695695083,
    "std": 0.013951826118960856
  },
  "ph": {
    "mean": 4.966913673810229,
    "std": 0.11624527991649175
  },
  "rpm": {
    "mean": 999.9781193758728,
    "std": 5.220366113069966
  }
}