{
  "test_stream": "single_fault",
  "counts": {
    "tp": 203,
    "fp": 1213,
    "tn": 308,
    "fn": 0
  },
  "metrics": {
    "precision": 0.14336158192090395,
    "recall": 1.0,
    "f1_score": 0.25077208153180974
  }
}