{
  "test_stream": "three_faults",
  "counts": {
    "tp": 481,
    "fp": 1440,
    "tn": 74,
    "fn": 13
  },
  "metrics": {
    "precision": 0.25039042165538783,
    "recall": 0.9736842105263158,
    "f1_score": 0.39834368530020703
  }
}